{"initial_reset_timestamp": 1592329731.486308, "timestamps": [1592329731.9686139], "episode_lengths": [713], "episode_rewards": [180.0], "episode_types": ["t"]}